Extracted Sentence,Special_Terms,Encoded Terms,Polarities,,,,,,,,,,,,,,,,,,,,,,
"['this', 'is', 'my', 'first', 'time', 'using', 'any', 'form', 'of', 'birth', 'control']","birth control,birth control","[0, 0, 0, 0, 0, 0, 0, 0, 0, 1, 2]","[-1, -1, -1, -1, -1, -1, -1, -1, -1, 0, 0]",,,,,,,,,,,,,,,,,,,,,,
"['the', 'only', 'downside', 'is', 'that', 'it', 'made', 'my', 'periods', 'longer', 'days', 'to', 'be', 'exact', 'i', 'used', 'to', 'only', 'have', 'periods', 'for', 'days', 'max', 'also', 'made', 'my', 'cramps', 'intense', 'for', 'the', 'first', 'two', 'days', 'of', 'my', 'period', 'i', 'never', 'had', 'cramps', 'before', 'using', 'birth', 'control']","birth control,period,cramps,birth control","[0, 0, 0, 0, 0, 0, 0, 0, 0, 0, 0, 0, 0, 0, 0, 0, 0, 0, 0, 0, 0, 0, 0, 0, 0, 0, 1, 0, 0, 0, 0, 0, 0, 0, 0, 1, 0, 0, 0, 1, 0, 0, 1, 2]","[-1, -1, -1, -1, -1, -1, -1, -1, -1, -1, -1, -1, -1, -1, -1, -1, -1, -1, -1, -1, -1, -1, -1, -1, -1, -1, 0, -1, -1, -1, -1, -1, -1, -1, -1, 0, -1, -1, -1, 0, -1, -1, 0, 0]",,,,,,,,,,,,,,,,,,,,,,
"['started', 'nexplanon', 'months', 'ago', 'because', 'i', 'have', 'a', 'minimal', 'amount', 'of', 'contraceptions', 'i', 'can', 'take', 'due', 'to', 'my', 'inability', 'to', 'take', 'the', 'hormone', 'that', 'is', 'used', 'in', 'most', 'birth', 'controls']","hormone,birth controls,birth control,birth control","[0, 0, 0, 0, 0, 0, 0, 0, 0, 0, 0, 0, 0, 0, 0, 0, 0, 0, 0, 0, 0, 0, 1, 0, 0, 0, 0, 0, 0, 0]","[-1, -1, -1, -1, -1, -1, -1, -1, -1, -1, -1, -1, -1, -1, -1, -1, -1, -1, -1, -1, -1, -1, 2, -1, -1, -1, -1, -1, -1, -1]",,,,,,,,,,,,,,,,,,,,,,
"['ive', 'never', 'had', 'acne', 'problems', 'in', 'my', 'life', 'and', 'immediately', 'broke', 'out', 'after', 'getting', 'it', 'implanted']",acne problems,"[0, 0, 0, 1, 2, 0, 0, 0, 0, 0, 0, 0, 0, 0, 0, 0]","[-1, -1, -1, 0, 0, -1, -1, -1, -1, -1, -1, -1, -1, -1, -1, -1]",,,,,,,,,,,,,,,,,,,,,,
"['sex', 'drive', 'is', 'completely', 'gone', 'and', 'i', 'used', 'to', 'have', 'sex', 'with', 'my', 'boyfriend', 'a', 'few', 'days', 'a', 'week', 'now', 'its', 'completely', 'forced', 'and', 'not', 'even', 'fun', 'for', 'me', 'anymore']",Sex drive,"[1, 2, 0, 0, 0, 0, 0, 0, 0, 0, 1, 0, 0, 0, 0, 0, 0, 0, 0, 0, 0, 0, 0, 0, 0, 0, 0, 0, 0, 0]","[0, 0, -1, -1, -1, -1, -1, -1, -1, -1, 0, -1, -1, -1, -1, -1, -1, -1, -1, -1, -1, -1, -1, -1, -1, -1, -1, -1, -1, -1]",,,,,,,,,,,,,,,,,,,,,,
"['i', 'mean', 'im', 'on', 'birth', 'control', 'because', 'i', 'like', 'having', 'sex', 'but', 'dont', 'want', 'to', 'get', 'pregnant', 'why', 'take', 'a', 'birth', 'control', 'that', 'takes', 'away', 'sex?', 'very', 'unhappy', 'and', 'hope', 'that', 'i', 'get', 'it', 'back', 'with', 'time', 'or', 'im', 'getting', 'it', 'removed']","birth control,birth control","[0, 0, 0, 0, 1, 2, 0, 0, 0, 0, 0, 0, 0, 0, 0, 0, 0, 0, 0, 0, 1, 2, 0, 0, 0, 0, 0, 0, 0, 0, 0, 0, 0, 0, 0, 0, 0, 0, 0, 0, 0, 0]","[-1, -1, -1, -1, 0, 0, -1, -1, -1, -1, -1, -1, -1, -1, -1, -1, -1, -1, -1, -1, 0, 0, -1, -1, -1, -1, -1, -1, -1, -1, -1, -1, -1, -1, -1, -1, -1, -1, -1, -1, -1, -1]",,,,,,,,,,,,,,,,,,,,,,
"['never', 'again!', 'after', 'being', 'on', 'depo', 'i', 'was', 'suppose', 'to', 'b', 'an', 'ideal', 'candidate', 'the', 'first', 'months', 'was', 'ok', 'bit', 'moody', 'but', 'fine', 'no', 'weight', 'gain', 'but', 'then', 'something', 'changed', 'i', 'was', 'constantly', 'bleeding', 'and', 'getting', 'horrible', 'hormone', 'spots', 'i', 'normally', 'have', 'clear', 'skin', 'mood', 'swings', 'were', 'increasing']","weight gain,hormone spots,skin, mood swings","[0, 0, 0, 0, 0, 0, 0, 0, 0, 0, 0, 0, 0, 0, 0, 0, 0, 0, 0, 0, 0, 0, 0, 0, 1, 2, 0, 0, 0, 0, 0, 0, 0, 0, 0, 0, 0, 0, 0, 0, 0, 0, 0, 1, 0, 0, 0, 0]","[-1, -1, -1, -1, -1, -1, -1, -1, -1, -1, -1, -1, -1, -1, -1, -1, -1, -1, -1, -1, -1, -1, -1, -1, 2, 2, -1, -1, -1, -1, -1, -1, -1, -1, -1, -1, -1, -1, -1, -1, -1, -1, -1, 2, -1, -1, -1, -1]",,,,,,,,,,,,,,,,,,,,,,
"['i', 'was', 'off', 'birth', 'control', 'for', 'a', 'while', 'considering', 'getting', 'pregnant']","birth control,birth control,birth control","[0, 0, 0, 1, 2, 0, 0, 0, 0, 0, 0]","[-1, -1, -1, 0, 0, -1, -1, -1, -1, -1, -1]",,,,,,,,,,,,,,,,,,,,,,
"['i', 'had', 'used', 'other', 'types', 'of', 'birth', 'control', 'before', 'the', 'pill', 'the', 'patch', 'etc']","birth control,birth control,pill,birth control,pill","[0, 0, 0, 0, 0, 0, 1, 2, 0, 0, 1, 0, 0, 0]","[-1, -1, -1, -1, -1, -1, 0, 0, -1, -1, 0, -1, -1, -1]",,,,,,,,,,,,,,,,,,,,,,
"['i', 'decided', 'to', 'get', 'back', 'on', 'birth', 'control', 'but', 'didnt', 'want', 'to', 'worry', 'about', 'taking', 'a', 'daily', 'pill', 'so', 'i', 'requested', 'the', 'nuvaring']","birth control,birth control,pill,birth control,pill","[0, 0, 0, 0, 0, 0, 1, 2, 0, 0, 0, 0, 0, 0, 0, 0, 0, 1, 0, 0, 0, 0, 0]","[-1, -1, -1, -1, -1, -1, 1, 1, -1, -1, -1, -1, -1, -1, -1, -1, -1, 1, -1, -1, -1, -1, -1]",,,,,,,,,,,,,,,,,,,,,,
"['when', 'i', 'started', 'the', 'nuvaring', 'i', 'felt', 'it', 'inside', 'my', 'body', 'and', 'had', 'a', 'lot', 'of', 'cramps']","cramps,cramps","[0, 0, 0, 0, 0, 0, 0, 0, 0, 0, 0, 0, 0, 0, 0, 0, 1]","[-1, -1, -1, -1, -1, -1, -1, -1, -1, -1, -1, -1, -1, -1, -1, -1, 0]",,,,,,,,,,,,,,,,,,,,,,
"['a', 'few', 'days', 'later', 'i', 'started', 'experiencing', 'more', 'cramps', 'and', 'very', 'strong', 'upper', 'stomach', 'pain']","cramps,cramps,stomach pain","[0, 0, 0, 0, 0, 0, 0, 0, 1, 0, 0, 0, 0, 0, 0]","[-1, -1, -1, -1, -1, -1, -1, -1, 2, -1, -1, -1, -1, -1, -1]",,,,,,,,,,,,,,,,,,,,,,
"['i', 'finally', 'asked', 'the', 'doctor', 'and', 'it', 'was', 'the', 'nuvaring', 'side', 'effects']",side effects,"[0, 0, 0, 0, 0, 0, 0, 0, 0, 0, 1, 2]","[-1, -1, -1, -1, -1, -1, -1, -1, -1, -1, 0, 0]",,,,,,,,,,,,,,,,,,,,,,
"['no', 'more', 'hormones', 'for', 'me']",hormones,"[0, 0, 1, 0, 0]","[-1, -1, 2, -1, -1]",,,,,,,,,,,,,,,,,,,,,,
"['there', 'is', 'no', 'daily', 'time', 'to', 'take', 'a', 'pill', 'only', 'once', 'a', 'month', 'which', 'can', 'easily', 'be', 'marked', 'on', 'a', 'calender', 'or', 'put', 'into', 'a', 'phone']","pill,pill","[0, 0, 0, 0, 0, 0, 0, 0, 1, 0, 0, 0, 0, 0, 0, 0, 0, 0, 0, 0, 0, 0, 0, 0, 0, 0]","[-1, -1, -1, -1, -1, -1, -1, -1, 2, -1, -1, -1, -1, -1, -1, -1, -1, -1, -1, -1, -1, -1, -1, -1, -1, -1]",,,,,,,,,,,,,,,,,,,,,,
"['for', 'the', 'first', 'few', 'months', 'i', 'did', 'not', 'notice', 'side', 'effects', 'although', 'they', 'are', 'there']",effects,"[0, 0, 0, 0, 0, 0, 0, 0, 0, 0, 1, 0, 0, 0, 0]","[-1, -1, -1, -1, -1, -1, -1, -1, -1, -1, 2, -1, -1, -1, -1]",,,,,,,,,,,,,,,,,,,,,,
"['i', 'was', 'on', 'the', 'pill', 'before', 'and', 'none', 'of', 'these', 'happened']","pill,pill","[0, 0, 0, 0, 1, 0, 0, 0, 0, 0, 0]","[-1, -1, -1, -1, 0, -1, -1, -1, -1, -1, -1]",,,,,,,,,,,,,,,,,,,,,,
"['i', 'also', 'have', 'longer', 'periods']",periods,"[0, 0, 0, 0, 1]","[-1, -1, -1, -1, 1]",,,,,,,,,,,,,,,,,,,,,,
"['ive', 'had', 'this', 'implant', 'for', 'months', 'now', 'ive', 'had', 'no', 'problems', 'except', 'for', 'real', 'bad', 'acne', 'breakouts']","acne breakouts,acne,breakouts,breakouts","[0, 0, 0, 0, 0, 0, 0, 0, 0, 0, 0, 0, 0, 0, 0, 1, 1]","[-1, -1, -1, -1, -1, -1, -1, -1, -1, -1, -1, -1, -1, -1, -1, 2, 2]",,,,,,,,,,,,,,,,,,,,,,
"['ive', 'alway', 'suffered', 'from', 'acne', 'here', 'and', 'there', 'but', 'its', 'gotten', 'bad', 'after', 'the', 'implant']",acne,"[0, 0, 0, 0, 1, 0, 0, 0, 0, 0, 0, 0, 0, 0, 0]","[-1, -1, -1, -1, 0, -1, -1, -1, -1, -1, -1, -1, -1, -1, -1]",,,,,,,,,,,,,,,,,,,,,,
"['i', 'have', 'real', 'bad', 'breakouts', 'all', 'over', 'my', 'cheeks', 'and', 'chin']","breakouts,breakouts","[0, 0, 0, 0, 1, 0, 0, 0, 0, 0, 0]","[-1, -1, -1, -1, 0, -1, -1, -1, -1, -1, -1]",,,,,,,,,,,,,,,,,,,,,,
"['at', 'first', 'i', 'thought', 'it', 'was', 'something', 'i', 'ate', 'but', 'i', 'did', 'some', 'research', 'and', 'found', 'out', 'that', 'this', 'implant', 'contains', 'progesterone', 'which', 'can', 'cause', 'acne']",acne,"[0, 0, 0, 0, 0, 0, 0, 0, 0, 0, 0, 0, 0, 0, 0, 0, 0, 0, 0, 0, 0, 0, 0, 0, 0, 1]","[-1, -1, -1, -1, -1, -1, -1, -1, -1, -1, -1, -1, -1, -1, -1, -1, -1, -1, -1, -1, -1, -1, -1, -1, -1, 0]",,,,,,,,,,,,,,,,,,,,,,
"['look', 'out', 'for', 'breakouts', 'after', 'implant']","breakouts,breakouts","[0, 0, 0, 1, 0, 0]","[-1, -1, -1, 1, -1, -1]",,,,,,,,,,,,,,,,,,,,,,
"['never', 'had', 'a', 'period', 'or', 'pregnancy', 'scare']",period,"[0, 0, 0, 1, 0, 0, 0]","[-1, -1, -1, 1, -1, -1, -1]",,,,,,,,,,,,,,,,,,,,,,
"['as', 'of', 'last', 'week', 'i', 'started', 'noticing', 'brown', 'quotold', 'blood', 'after', 'intercourse', 'not', 'much']",blood,"[0, 0, 0, 0, 0, 0, 0, 0, 0, 1, 0, 0, 0, 0]","[-1, -1, -1, -1, -1, -1, -1, -1, -1, 0, -1, -1, -1, -1]",,,,,,,,,,,,,,,,,,,,,,
"['by', 'this', 'point', 'i', 'have', 'noticed', 'more', 'blood', 'during', 'intercourse', 'which', 'is', 'off', 'putting', 'at', 'that', 'moment']",blood,"[0, 0, 0, 0, 0, 0, 0, 1, 0, 0, 0, 0, 0, 0, 0, 0, 0]","[-1, -1, -1, -1, -1, -1, -1, 0, -1, -1, -1, -1, -1, -1, -1, -1, -1]",,,,,,,,,,,,,,,,,,,,,,
"['no', 'vomiting', 'for', 'me', 'or', 'irregular', 'mood', 'swings']",mood swings,"[0, 0, 0, 0, 0, 0, 1, 2]","[-1, -1, -1, -1, -1, -1, 2, 2]",,,,,,,,,,,,,,,,,,,,,,
"['also', 'my', 'periods', 'are', 'very', 'very', 'precise']",periods,"[0, 0, 1, 0, 0, 0, 0]","[-1, -1, 0, -1, -1, -1, -1]",,,,,,,,,,,,,,,,,,,,,,
"['months', 'in:', 'the', 'first', 'period', 'that', 'i', 'had', 'on', 'implanon', 'was', 'about', 'wks', 'later', 'than', 'expected', 'and', 'lasted', 'about', 'wks', 'long']","period,period","[0, 0, 0, 0, 1, 0, 0, 0, 0, 0, 0, 0, 0, 0, 0, 0, 0, 0, 0, 0, 0]","[-1, -1, -1, -1, 2, -1, -1, -1, -1, -1, -1, -1, -1, -1, -1, -1, -1, -1, -1, -1, -1]",,,,,,,,,,,,,,,,,,,,,,
"['since', 'then', 'all', 'of', 'my', 'periods', 'have', 'come', 'within', 'about', 'a', 'wk', 'of', 'when', 'i', 'would', 'have', 'expected', 'them']","period,periods,period","[0, 0, 0, 0, 0, 1, 0, 0, 0, 0, 0, 0, 0, 0, 0, 0, 0, 0, 0]","[-1, -1, -1, -1, -1, 2, -1, -1, -1, -1, -1, -1, -1, -1, -1, -1, -1, -1, -1]",,,,,,,,,,,,,,,,,,,,,,
"['each', 'period', 'has', 'been', 'shorter', 'in', 'length', 'as', 'well', 'as', 'lighter']","period,period","[0, 1, 0, 0, 0, 0, 0, 0, 0, 0, 0]","[-1, 0, -1, -1, -1, -1, -1, -1, -1, -1, -1]",,,,,,,,,,,,,,,,,,,,,,
"['as', 'far', 'as', 'other', 'side', 'effects', 'go:', 'i', 'have', 'maybe', 'one', 'bad', 'headache', 'every', 'other', 'month']","side effects,headache","[0, 0, 0, 0, 1, 2, 0, 0, 0, 0, 0, 0, 1, 0, 0, 0]","[-1, -1, -1, -1, 0, 0, -1, -1, -1, -1, -1, -1, 0, -1, -1, -1]",,,,,,,,,,,,,,,,,,,,,,
"['i', 'noticed', 'no', 'weight', 'gain', 'until', 'recently', 'which', 'is', 'probably', 'due', 'more', 'so', 'to', 'the', 'holidays', 'than', 'the', 'implanon!']",weight gain,"[0, 0, 0, 1, 2, 0, 0, 0, 0, 0, 0, 0, 0, 0, 0, 0, 0, 0, 0]","[-1, -1, -1, 0, 0, -1, -1, -1, -1, -1, -1, -1, -1, -1, -1, -1, -1, -1, -1]",,,,,,,,,,,,,,,,,,,,,,
"['i', 'have', 'taken', 'antidepressants', 'for', 'years', 'with', 'some', 'improvement', 'but', 'mostly', 'moderate', 'to', 'severe', 'side', 'affects', 'which', 'makes', 'me', 'go', 'off', 'them']",side affects,"[0, 0, 0, 0, 0, 0, 0, 0, 0, 0, 0, 0, 0, 0, 1, 2, 0, 0, 0, 0, 0, 0]","[-1, -1, -1, -1, -1, -1, -1, -1, -1, -1, -1, -1, -1, -1, 1, 2, -1, -1, -1, -1, -1, -1]",,,,,,,,,,,,,,,,,,,,,,
"['i', 'only', 'take', 'cymbalta', 'now', 'mostly', 'for', 'pain']",pain,"[0, 0, 0, 0, 0, 0, 0, 1]","[-1, -1, -1, -1, -1, -1, -1, 0]",,,,,,,,,,,,,,,,,,,,,,
"['more', 'energy', 'better', 'disposition', 'and', 'no', 'sinking', 'to', 'the', 'low', 'lows', 'of', 'major', 'depression']",depression,"[0, 0, 0, 0, 0, 0, 0, 0, 0, 0, 0, 0, 0, 1]","[-1, -1, -1, -1, -1, -1, -1, -1, -1, -1, -1, -1, -1, 0]",,,,,,,,,,,,,,,,,,,,,,
"['best', 'thing', 'no', 'side', 'effects']",side effects,"[0, 0, 0, 1, 2]","[-1, -1, -1, 1, 2]",,,,,,,,,,,,,,,,,,,,,,
"['week', 'on', 'zoloft', 'for', 'anxiety', 'and', 'mood', 'swings']","anxiety,mood swings","[0, 0, 0, 0, 1, 0, 0, 0]","[-1, -1, -1, -1, 0, -1, -1, -1]",,,,,,,,,,,,,,,,,,,,,,
"['my', 'gp', 'started', 'me', 'on', 'venlafaxine', 'yesterday', 'to', 'help', 'with', 'depression', 'and', 'the', 'changea', 'hour', 'after', 'taking', 'them', 'i', 'was', 'feeling', 'very', 'sick', 'couldnt', 'stomach', 'food', 'or', 'fluids', 'thought', 'keep', 'it', 'up', 'as', 'she', 'told', 'me', 'they', 'did', 'come', 'with', 'some', 'side', 'effects', 'which', 'would', 'get', 'bettertook', 'another', 'one', 'last', 'night', 'and', 'was', 'so', 'ill', 'i', 'couldnt', 'stand', 'being', 'sick', 'sweating', 'shaking', 'thought', 'i', 'was', 'going', 'to', 'pass', 'out']","depression,effects,sweating","[0, 0, 0, 0, 0, 0, 0, 0, 0, 0, 1, 0, 0, 0, 0, 0, 0, 0, 0, 0, 0, 0, 0, 0, 0, 0, 0, 0, 0, 0, 0, 0, 0, 0, 0, 0, 0, 0, 0, 0, 0, 0, 1, 0, 0, 0, 0, 0, 0, 0, 0, 0, 0, 0, 0, 0, 0, 0, 0, 0, 1, 0, 0, 0, 0, 0, 0, 0, 0]","[-1, -1, -1, -1, -1, -1, -1, -1, -1, -1, 0, -1, -1, -1, -1, -1, -1, -1, -1, -1, -1, -1, -1, -1, -1, -1, -1, -1, -1, -1, -1, -1, -1, -1, -1, -1, -1, -1, -1, -1, -1, -1, 0, -1, -1, -1, -1, -1, -1, -1, -1, -1, -1, -1, -1, -1, -1, -1, -1, -1, 0, -1, -1, -1, -1, -1, -1, -1, -1]",,,,,,,,,,,,,,,,,,,,,,
"['did', 'get', 'some', 'sleep', 'hopeing', 'to', 'feel', 'better', 'this', 'morningtook', 'another', 'one', 'and', 'felt', 'so', 'spaced', 'out', 'dry', 'mouth', 'shaking', 'sick', 'so', 'booked', 'in', 'to', 'see', 'gp', 'again', 'to', 'make', 'sure', 'i', 'should', 'be', 'feeling', 'like', 'this', 'only', 'to', 'find', 'out', 'she', 'had', 'put', 'me', 'on', 'the', 'wrong', 'dose', 'should', 'have', 'been', 'on']","sleep hopeing,mouth","[0, 0, 0, 1, 2, 0, 0, 0, 0, 0, 0, 0, 0, 0, 0, 0, 0, 0, 1, 0, 0, 0, 0, 0, 0, 0, 0, 0, 0, 0, 0, 0, 0, 0, 0, 0, 0, 0, 0, 0, 0, 0, 0, 0, 0, 0, 0, 0, 0, 0, 0, 0, 0]","[-1, -1, -1, 1, 2, -1, -1, -1, -1, -1, -1, -1, -1, -1, -1, -1, -1, -1, 1, -1, -1, -1, -1, -1, -1, -1, -1, -1, -1, -1, -1, -1, -1, -1, -1, -1, -1, -1, -1, -1, -1, -1, -1, -1, -1, -1, -1, -1, -1, -1, -1, -1, -1]",,,,,,,,,,,,,,,,,,,,,,
"['i', 'was', 'at', 'my', 'wits', 'end', 'with', 'antidepressants', 'and', 'was', 'ready', 'to', 'give', 'up']",wits end,"[0, 0, 0, 0, 1, 2, 0, 0, 0, 0, 0, 0, 0, 0]","[-1, -1, -1, -1, 1, 2, -1, -1, -1, -1, -1, -1, -1, -1]",,,,,,,,,,,,,,,,,,,,,,
"['side', 'effects', 'were', 'very', 'mild', 'compared', 'to', 'other', 'antidepressants', 'i', 'tried']",effects,"[0, 1, 0, 0, 0, 0, 0, 0, 0, 0, 0]","[-1, 1, -1, -1, -1, -1, -1, -1, -1, -1, -1]",,,,,,,,,,,,,,,,,,,,,,
"['i', 'was', 'drowsy', 'for', 'the', 'first', 'couple', 'days', 'but', 'it', 'was', 'tolerable']",drowsy,"[0, 0, 1, 0, 0, 0, 0, 0, 0, 0, 0, 0]","[-1, -1, 1, -1, -1, -1, -1, -1, -1, -1, -1, -1]",,,,,,,,,,,,,,,,,,,,,,
"['i', 'highly', 'recommend', 'this', 'for', 'severe', 'depression']",depression,"[0, 0, 0, 0, 0, 0, 1]","[-1, -1, -1, -1, -1, -1, 0]",,,,,,,,,,,,,,,,,,,,,,
"['but', 'i', 'suffered', 'with', 'insomnia', 'with', 'these', 'meds']","insomnia,meds","[0, 0, 0, 0, 1, 0, 0, 1]","[-1, -1, -1, -1, 0, -1, -1, 0]",,,,,,,,,,,,,,,,,,,,,,
"['intake', 'effexor', 'xr', 'mg', 'and', 'lorazepam', 'for', 'depression', 'and', 'anxiety']",depression,"[0, 0, 0, 0, 0, 0, 0, 1, 0, 0]","[-1, -1, -1, -1, -1, -1, -1, 0, -1, -1]",,,,,,,,,,,,,,,,,,,,,,
"['i', 'have', 'noticed', 'an', 'increase', 'in', 'irritability', 'which', 'equates', 'to', 'feeling', 'extremely', 'angry', 'by', 'pm', 'daily']",irritability,"[0, 0, 0, 0, 0, 0, 1, 0, 0, 0, 0, 0, 0, 0, 0, 0]","[-1, -1, -1, -1, -1, -1, 0, -1, -1, -1, -1, -1, -1, -1, -1, -1]",,,,,,,,,,,,,,,,,,,,,,
"['im', 'also', 'having', 'restlessness', 'which', 'almost', 'feels', 'manic']",restlessness,"[0, 0, 0, 1, 0, 0, 0, 0]","[-1, -1, -1, 0, -1, -1, -1, -1]",,,,,,,,,,,,,,,,,,,,,,
"['this', 'medication', 'is', 'amazing!', 'after', 'days', 'of', 'being', 'extremely', 'sick', 'i', 'started', 'to', 'feel', 'amazing', 'i', 'am', 'now', 'month', 'into', 'it', 'and', 'am', 'so', 'happy', 'all', 'the', 'time', 'and', 'have', 'no', 'depressive', 'thoughts', 'at', 'all']","thoughts,thoughts","[0, 0, 0, 0, 0, 0, 0, 0, 0, 0, 0, 0, 0, 0, 0, 0, 0, 0, 0, 0, 0, 0, 0, 0, 0, 0, 0, 0, 0, 0, 0, 0, 1, 0, 0]","[-1, -1, -1, -1, -1, -1, -1, -1, -1, -1, -1, -1, -1, -1, -1, -1, -1, -1, -1, -1, -1, -1, -1, -1, -1, -1, -1, -1, -1, -1, -1, -1, 2, -1, -1]",,,,,,,,,,,,,,,,,,,,,,
"['it', 'kind', 'of', 'blocks', 'out', 'any', 'sad', 'thoughts']","thoughts,thoughts","[0, 0, 0, 0, 0, 0, 0, 1]","[-1, -1, -1, -1, -1, -1, -1, 0]",,,,,,,,,,,,,,,,,,,,,,
"['my', 'genius', 'psychiatrist', 'started', 'me', 'on', 'this', 'drug', 'in', 'the', 'fall', 'of']",genius psychiatrist,"[0, 1, 2, 0, 0, 0, 0, 0, 0, 0, 0, 0]","[-1, 1, 2, -1, -1, -1, -1, -1, -1, -1, -1, -1]",,,,,,,,,,,,,,,,,,,,,,
"['after', 'many', 'months', 'on', 'the', 'drug', 'i', 'was', 'eventually', 'taking', 'mg', 'a', 'day', 'and', 'having', 'manic', 'thoughts', 'amp', 'episodes']",episodes,"[0, 0, 0, 0, 0, 0, 0, 0, 0, 0, 0, 0, 0, 0, 0, 0, 0, 0, 1]","[-1, -1, -1, -1, -1, -1, -1, -1, -1, -1, -1, -1, -1, -1, -1, -1, -1, -1, 1]",,,,,,,,,,,,,,,,,,,,,,
"['i', 'was', 'really', 'glad', 'that', 'i', 'experienced', 'none', 'of', 'the', 'possible', 'side', 'effects']",side effects,"[0, 0, 0, 0, 0, 0, 0, 0, 0, 0, 0, 1, 2]","[-1, -1, -1, -1, -1, -1, -1, -1, -1, -1, -1, 1, 2]",,,,,,,,,,,,,,,,,,,,,,
"['after', 'four', 'weeks', 'i', 'did', 'notice', 'my', 'mood', 'getting', 'better', 'but', 'after', 'that', 'some', 'things', 'happened', 'in', 'my', 'life', 'my', 'dog', 'had', 'surgery', 'a', 'breakup', 'a', 'hair', 'experiment', 'gone', 'wrong', 'that', 'i', 'was', 'not', 'able', 'to', 'deal', 'with', 'and', 'i', 'got', 'worse']",mood,"[0, 0, 0, 0, 0, 0, 0, 1, 0, 0, 0, 0, 0, 0, 0, 0, 0, 0, 0, 0, 0, 0, 0, 0, 0, 0, 0, 0, 0, 0, 0, 0, 0, 0, 0, 0, 0, 0, 0, 0, 0, 0]","[-1, -1, -1, -1, -1, -1, -1, 0, -1, -1, -1, -1, -1, -1, -1, -1, -1, -1, -1, -1, -1, -1, -1, -1, -1, -1, -1, -1, -1, -1, -1, -1, -1, -1, -1, -1, -1, -1, -1, -1, -1, -1]",,,,,,,,,,,,,,,,,,,,,,
"['this', 'drug', 'causes', 'persistent', 'nausea', 'in', 'some', 'users', 'as', 'per', 'their', 'website']",nausea,"[0, 0, 0, 0, 1, 0, 0, 0, 0, 0, 0, 0]","[-1, -1, -1, -1, 1, -1, -1, -1, -1, -1, -1, -1]",,,,,,,,,,,,,,,,,,,,,,
"['if', 'you', 'have', 'a', 'history', 'of', 'being', 'unusually', 'nausea', 'prone', 'ie', 'pregnancy', 'in', 'my', 'experience', 'you', 'may', 'wind', 'up', 'in', 'the', 'persistent', 'nausea', 'group']","nausea,nausea group","[0, 0, 0, 0, 0, 0, 0, 0, 1, 0, 0, 0, 0, 0, 0, 0, 0, 0, 0, 0, 0, 0, 1, 0]","[-1, -1, -1, -1, -1, -1, -1, -1, 1, -1, -1, -1, -1, -1, -1, -1, -1, -1, -1, -1, -1, -1, 1, -1]",,,,,,,,,,,,,,,,,,,,,,
"['fewer', 'side', 'effectsunfortunately', 'the', 'one', 'side', 'effect', 'it', 'did', 'cause', 'is', 'pretty', 'debilitating', 'in', 'my', 'case!']","side effects,side effect","[0, 1, 0, 0, 0, 1, 0, 0, 0, 0, 0, 0, 0, 0, 0, 0]","[-1, 1, -1, -1, -1, 1, -1, -1, -1, -1, -1, -1, -1, -1, -1, -1]",,,,,,,,,,,,,,,,,,,,,,
"['ive', 'tried', 'many', 'different', 'ss', 'over', 'the', 'past', 'years', 'amp', 'they', 'all', 'made', 'me', 'have', 'extreme', 'suicidal', 'thoughts']",thoughts,"[0, 0, 0, 0, 0, 0, 0, 0, 0, 0, 0, 0, 0, 0, 0, 0, 0, 1]","[-1, -1, -1, -1, -1, -1, -1, -1, -1, -1, -1, -1, -1, -1, -1, -1, -1, 0]",,,,,,,,,,,,,,,,,,,,,,
"['the', 'first', 'week', 'or', 'so', 'was', 'rough', 'i', 'had', 'blurry', 'vision', 'shakes', 'amp', 'extreme', 'light', 'sensitivity']",vision,"[0, 0, 0, 0, 0, 0, 0, 0, 0, 0, 1, 0, 0, 0, 0, 0]","[-1, -1, -1, -1, -1, -1, -1, -1, -1, -1, 2, -1, -1, -1, -1, -1]",,,,,,,,,,,,,,,,,,,,,,
"['those', 'negative', 'side', 'effects', 'went', 'away', 'after', 'weeks']",side effects,"[0, 0, 1, 2, 0, 0, 0, 0]","[-1, -1, 1, 2, -1, -1, -1, -1]",,,,,,,,,,,,,,,,,,,,,,
"['im', 'months', 'in', 'amp', 'my', 'mood', 'has', 'significantly', 'increased', 'which', 'is', 'just', 'amazing', 'because', 'my', 'depression', 'worsens', 'significantly', 'in', 'the', 'winter']",mood,"[0, 0, 0, 0, 0, 1, 0, 0, 0, 0, 0, 0, 0, 0, 0, 0, 0, 0, 0, 0, 0]","[-1, -1, -1, -1, -1, 0, -1, -1, -1, -1, -1, -1, -1, -1, -1, -1, -1, -1, -1, -1, -1]",,,,,,,,,,,,,,,,,,,,,,
"['i', 'feel', 'optimistic', 'for', 'the', 'future', 'my', 'sex', 'drive', 'is', 'better', 'i', 'have', 'more', 'energy', 'amp', 'am', 'more', 'focused', 'i', 'have', 'fibromyalgia', 'as', 'well', 'so', 'this', 'is', 'huge', 'for', 'me', 'and', 'ive', 'quit', 'smoking!']","fibromyalgia,sex drive","[0, 0, 0, 0, 0, 0, 0, 0, 0, 0, 0, 0, 0, 0, 0, 0, 0, 0, 0, 0, 0, 1, 0, 0, 0, 0, 0, 0, 0, 0, 0, 0, 0, 0]","[-1, -1, -1, -1, -1, -1, -1, -1, -1, -1, -1, -1, -1, -1, -1, -1, -1, -1, -1, -1, -1, 2, -1, -1, -1, -1, -1, -1, -1, -1, -1, -1, -1, -1]",,,,,,,,,,,,,,,,,,,,,,
"['after', 'being', 'suicidal', 'for', 'many', 'months', 'and', 'self', 'harming', 'in', 'addition', 'to', 'extreme', 'anxiety']","self,anxiety","[0, 0, 0, 0, 0, 0, 0, 1, 0, 0, 0, 0, 0, 1]","[-1, -1, -1, -1, -1, -1, -1, 0, -1, -1, -1, -1, -1, 0]",,,,,,,,,,,,,,,,,,,,,,
"['i', 'had', 'taken', 'prozac', 'years', 'earlier', 'and', 'didnt', 'work', 'at', 'all', 'has', 'now', 'almost', 'eliminated', 'my', 'depression']",depression,"[0, 0, 0, 0, 0, 0, 0, 0, 0, 0, 0, 0, 0, 0, 0, 0, 1]","[-1, -1, -1, -1, -1, -1, -1, -1, -1, -1, -1, -1, -1, -1, -1, -1, 0]",,,,,,,,,,,,,,,,,,,,,,
"['my', 'lowest', 'weight', 'was', 'considered', 'healthy', 'for', 'someone', 'and', 'athletic', 'but', 'despite', 'my', 'clean', 'eating', 'and', 'exercise', 'ive', 'blown', 'up', 'to', 'lbs', 'in', 'years', 'and', 'nothing', 'seems', 'to', 'get', 'the', 'weight', 'off']",eating,"[0, 0, 0, 0, 0, 0, 0, 0, 0, 0, 0, 0, 0, 0, 1, 0, 0, 0, 0, 0, 0, 0, 0, 0, 0, 0, 0, 0, 0, 0, 0, 0]","[-1, -1, -1, -1, -1, -1, -1, -1, -1, -1, -1, -1, -1, -1, 0, -1, -1, -1, -1, -1, -1, -1, -1, -1, -1, -1, -1, -1, -1, -1, -1, -1]",,,,,,,,,,,,,,,,,,,,,,
"['this', 'has', 'been', 'my', 'only', 'negative', 'side', 'effect']",side effect,"[0, 0, 0, 0, 0, 0, 1, 2]","[-1, -1, -1, -1, -1, -1, 1, 2]",,,,,,,,,,,,,,,,,,,,,,
"['i', 'choose', 'my', 'mental', 'health', 'over', 'my', 'body', 'image', 'although', 'i', 'also', 'have', 'an', 'eating', 'disorder', 'bdd']","eating,disorder BDD","[0, 0, 0, 0, 0, 0, 0, 0, 0, 0, 0, 0, 0, 0, 1, 0, 0]","[-1, -1, -1, -1, -1, -1, -1, -1, -1, -1, -1, -1, -1, -1, 0, -1, -1]",,,,,,,,,,,,,,,,,,,,,,
The cost of Embrel is cost of an ordinary prescription $ for me the government pays the remainder of the cost to the chemist,cost,"[0, 1, 0, 0, 0, 1, 0, 0, 0, 0, 0, 0, 0, 0, 0, 0, 0, 0, 0, 0, 1, 0, 0, 0]","[-1, 1, -1, -1, -1, 1, -1, -1, -1, -1, -1, -1, -1, -1, -1, -1, -1, -1, -1, -1, 1, -1, -1, -1]",,,,,,,,,,,,,,,,,,,,,,
I also go to the the medical centre every Saturday morning a Dr looks over my prescription and then he advises the nurse to administer the injection also no cost to myself and this is part of nurses duties,cost,"[0, 0, 0, 0, 0, 0, 0, 0, 0, 0, 0, 0, 0, 0, 0, 0, 0, 0, 0, 0, 0, 0, 0, 0, 0, 0, 0, 0, 0, 1, 0, 0, 0, 0, 0, 0, 0, 0, 0]","[-1, -1, -1, -1, -1, -1, -1, -1, -1, -1, -1, -1, -1, -1, -1, -1, -1, -1, -1, -1, -1, -1, -1, -1, -1, -1, -1, -1, -1, 0, -1, -1, -1, -1, -1, -1, -1, -1, -1]",,,,,,,,,,,,,,,,,,,,,,
I am unsure of the country where people who have made comments referring to cost and that nobody is there to  administer the injection for them,cost,"[0, 0, 0, 0, 0, 0, 0, 0, 0, 0, 0, 0, 0, 0, 1, 0, 0, 0, 0, 0, 0, 0, 0, 0, 0, 0]","[-1, -1, -1, -1, -1, -1, -1, -1, -1, -1, -1, -1, -1, -1, 0, -1, -1, -1, -1, -1, -1, -1, -1, -1, -1, -1]",,,,,,,,,,,,,,,,,,,,,,
Like Celebrex and Vioxx this caused blood pressure spurts along with dizziness weakness and other side effects,"blood pressure,weakness,effects,blood pressure","[0, 0, 0, 0, 0, 0, 1, 2, 0, 0, 0, 0, 1, 0, 0, 0, 1]","[-1, -1, -1, -1, -1, -1, 0, 0, -1, -1, -1, -1, 0, -1, -1, -1, 0]",,,,,,,,,,,,,,,,,,,,,,
Too dangerous for me to take because of how high it would send my blood pressure within an hour or so of taking it,"blood pressure,blood pressure","[0, 0, 0, 0, 0, 0, 0, 0, 0, 0, 0, 0, 0, 0, 1, 2, 0, 0, 0, 0, 0, 0, 0, 0]","[-1, -1, -1, -1, -1, -1, -1, -1, -1, -1, -1, -1, -1, -1, 0, 0, -1, -1, -1, -1, -1, -1, -1, -1]",,,,,,,,,,,,,,,,,,,,,,
I was diagnosed a month ago with rheumatoid arthritis,arthritis,"[0, 0, 0, 0, 0, 0, 0, 0, 1]","[-1, -1, -1, -1, -1, -1, -1, -1, 1]",,,,,,,,,,,,,,,,,,,,,,
I had to stop taking it after a week because it upset my stomach causing vomiting nausea and extreme diarrhea,stomach,"[0, 0, 0, 0, 0, 0, 0, 0, 0, 0, 0, 0, 0, 1, 0, 0, 0, 0, 0, 0]","[-1, -1, -1, -1, -1, -1, -1, -1, -1, -1, -1, -1, -1, 0, -1, -1, -1, -1, -1, -1]",,,,,,,,,,,,,,,,,,,,,,
Im hoping that she can put me on something that will work better as I have been in extreme pain for over a year,pain,"[0, 0, 0, 0, 0, 0, 0, 0, 0, 0, 0, 0, 0, 0, 0, 0, 0, 0, 0, 1, 0, 0, 0, 0]","[-1, -1, -1, -1, -1, -1, -1, -1, -1, -1, -1, -1, -1, -1, -1, -1, -1, -1, -1, 1, -1, -1, -1, -1]",,,,,,,,,,,,,,,,,,,,,,
It began with headaches which got worse every time I took the Humira,headaches,"[0, 0, 0, 1, 0, 0, 0, 0, 0, 0, 0, 0, 0]","[-1, -1, -1, 0, -1, -1, -1, -1, -1, -1, -1, -1, -1]",,,,,,,,,,,,,,,,,,,,,,
Id rather have RA pain then all these debilitating side effects,side effects,"[0, 0, 0, 0, 0, 0, 0, 0, 0, 1, 2]","[-1, -1, -1, -1, -1, -1, -1, -1, -1, 0, 0]",,,,,,,,,,,,,,,,,,,,,,
On my rd week with no improvement increased pain swelling and FEVER exponentially increased not quotcore temp just quothot joints decreased energy frequent headache and increased depression! I didnt know any of these things could get worse than they already were? But they have! : Hanging in there because mine is in every single joint and quotunrelenting I dont really have flares cuz mine is constant daily and nightly pain swelling the fever,"pain, swelling,headache,joint","[0, 0, 0, 0, 0, 0, 0, 0, 1, 1, 0, 0, 0, 0, 0, 0, 0, 0, 0, 0, 0, 0, 0, 1, 0, 0, 0, 0, 0, 0, 0, 0, 0, 0, 0, 0, 0, 0, 0, 0, 0, 0, 0, 0, 0, 0, 0, 0, 0, 0, 0, 0, 0, 0, 1, 0, 0, 0, 0, 0, 0, 0, 0, 0, 0, 0, 0, 0, 0, 1, 1, 0, 0]","[-1, -1, -1, -1, -1, -1, -1, -1, 0, 0, -1, -1, -1, -1, -1, -1, -1, -1, -1, -1, -1, -1, -1, 0, -1, -1, -1, -1, -1, -1, -1, -1, -1, -1, -1, -1, -1, -1, -1, -1, -1, -1, -1, -1, -1, -1, -1, -1, -1, -1, -1, -1, -1, -1, 0, -1, -1, -1, -1, -1, -1, -1, -1, -1, -1, -1, -1, -1, -1, 0, 0, -1, -1]",,,,,,,,,,,,,,,,,,,,,,
I have been pain free for the past  years,pain,"[0, 0, 0, 1, 0, 0, 0, 0, 0]","[-1, -1, -1, 1, -1, -1, -1, -1, -1]",,,,,,,,,,,,,,,,,,,,,,
This medicine helps relieve all my aches and pains,"aches,pains,pain","[0, 0, 0, 0, 0, 0, 1, 0, 1]","[-1, -1, -1, -1, -1, -1, 1, -1, 1]",,,,,,,,,,,,,,,,,,,,,,
Although I experience severe body and joint pains on a daily basis I take one Aleve on the days I work and can put in  to  hours pain free,"pains,pain","[0, 0, 0, 0, 0, 0, 0, 1, 0, 0, 0, 0, 0, 0, 0, 0, 0, 0, 0, 0, 0, 0, 0, 0, 0, 0, 0, 1, 0]","[-1, -1, -1, -1, -1, -1, -1, 0, -1, -1, -1, -1, -1, -1, -1, -1, -1, -1, -1, -1, -1, -1, -1, -1, -1, -1, -1, 0, -1]",,,,,,,,,,,,,,,,,,,,,,
I have not suffered any side effects so far,effects,"[0, 0, 0, 0, 0, 0, 1, 0, 0]","[-1, -1, -1, -1, -1, -1, 1, -1, -1]",,,,,,,,,,,,,,,,,,,,,,
It has made a big difference in helping me manage the pain of rheumatoid arthritis,arthritis,"[0, 0, 0, 0, 0, 0, 0, 0, 0, 0, 0, 0, 0, 0, 1]","[-1, -1, -1, -1, -1, -1, -1, -1, -1, -1, -1, -1, -1, -1, 0]",,,,,,,,,,,,,,,,,,,,,,
y male I have dealt with joint pain  yrs,pain,"[0, 0, 0, 0, 0, 0, 0, 1, 0]","[-1, -1, -1, -1, -1, -1, -1, 0, -1]",,,,,,,,,,,,,,,,,,,,,,
Last  yrs pain increased after walking yard work,pain,"[0, 0, 1, 0, 0, 0, 0, 0]","[-1, -1, 0, -1, -1, -1, -1, -1]",,,,,,,,,,,,,,,,,,,,,,
Worried its a black box drug through! No side effects but maybe stomach feeling bloated,"side,effects","[0, 0, 0, 0, 0, 0, 0, 0, 1, 1, 0, 0, 0, 0, 0]","[-1, -1, -1, -1, -1, -1, -1, -1, 0, 0, -1, -1, -1, -1, -1]",,,,,,,,,,,,,,,,,,,,,,
The side effects were terrible,side effects,"[0, 1, 2, 0, 0]","[-1, 0, 0, -1, -1]",,,,,,,,,,,,,,,,,,,,,,
I had an MRI and wore a heart monitor for  hours,heart monitor,"[0, 0, 0, 0, 0, 0, 0, 1, 2, 0, 0]","[-1, -1, -1, -1, -1, -1, -1, 1, 1, -1, -1]",,,,,,,,,,,,,,,,,,,,,,
Upon mentioning this to my Specialist  he said that the neurological side effects were quite common with Mobic  yet neither of the GPs saw new of them,side effects,"[0, 0, 0, 0, 0, 0, 0, 0, 0, 0, 0, 1, 2, 0, 0, 0, 0, 0, 0, 0, 0, 0, 0, 0, 0, 0, 0]","[-1, -1, -1, -1, -1, -1, -1, -1, -1, -1, -1, 1, 1, -1, -1, -1, -1, -1, -1, -1, -1, -1, -1, -1, -1, -1, -1]",,,,,,,,,,,,,,,,,,,,,,
At my worst I sat on the couch with my pain pills in one hand and the TV remote in the other,pain pills,"[0, 0, 0, 0, 0, 0, 0, 0, 0, 0, 1, 2, 0, 0, 0, 0, 0, 0, 0, 0, 0, 0]","[-1, -1, -1, -1, -1, -1, -1, -1, -1, -1, 0, 0, -1, -1, -1, -1, -1, -1, -1, -1, -1, -1]",,,,,,,,,,,,,,,,,,,,,,
My SED rate dropped from s to under  the only thing I still struggle with is the insomnia and fatigue,"insomnia,fatigue","[0, 0, 0, 0, 0, 0, 0, 0, 0, 0, 0, 0, 0, 0, 0, 0, 0, 1, 0, 1]","[-1, -1, -1, -1, -1, -1, -1, -1, -1, -1, -1, -1, -1, -1, -1, -1, -1, 0, -1, 0]",,,,,,,,,,,,,,,,,,,,,,
I have been truly lucky as I have not experienced any side affects in the  years I have been on Actemra,side affects,"[0, 0, 0, 0, 0, 0, 0, 0, 0, 0, 0, 1, 2, 0, 0, 0, 0, 0, 0, 0, 0]","[-1, -1, -1, -1, -1, -1, -1, -1, -1, -1, -1, 2, 2, -1, -1, -1, -1, -1, -1, -1, -1]",,,,,,,,,,,,,,,,,,,,,,
Early meds like methotrexate and steroids only had bad side effects,side effects,"[0, 0, 0, 0, 0, 0, 0, 0, 0, 1, 2]","[-1, -1, -1, -1, -1, -1, -1, -1, -1, 0, 0]",,,,,,,,,,,,,,,,,,,,,,
Overall there has been a marked improvement with my rheumatoid arthritis,arthritis,"[0, 0, 0, 0, 0, 0, 0, 0, 0, 0, 1]","[-1, -1, -1, -1, -1, -1, -1, -1, -1, -1, 1]",,,,,,,,,,,,,,,,,,,,,,
For approximately three days after having the injection I experience extreme tiredness but once that passes I am able to return to work and carry out normal everyday activities e,tiredness,"[0, 0, 0, 0, 0, 0, 0, 0, 0, 0, 0, 1, 0, 0, 0, 0, 0, 0, 0, 0, 0, 0, 0, 0, 0, 0, 0, 0, 0, 0]","[-1, -1, -1, -1, -1, -1, -1, -1, -1, -1, -1, 1, -1, -1, -1, -1, -1, -1, -1, -1, -1, -1, -1, -1, -1, -1, -1, -1, -1, -1]",,,,,,,,,,,,,,,,,,,,,,
Also Ive been having hivelike reactions on my mouth and cheeks almost daily for the past  months,mouth,"[0, 0, 0, 0, 0, 0, 0, 0, 1, 0, 0, 0, 0, 0, 0, 0, 0]","[-1, -1, -1, -1, -1, -1, -1, -1, 1, -1, -1, -1, -1, -1, -1, -1, -1]",,,,,,,,,,,,,,,,,,,,,,
I had every neurological side effect possible leading to a trip to the ER,side effect,"[0, 0, 0, 0, 1, 2, 0, 0, 0, 0, 0, 0, 0, 0]","[-1, -1, -1, -1, 1, 1, -1, -1, -1, -1, -1, -1, -1, -1]",,,,,,,,,,,,,,,,,,,,,,
For pain it worked great,pain,"[0, 1, 0, 0, 0]","[-1, 1, -1, -1, -1]",,,,,,,,,,,,,,,,,,,,,,
My rheumatoid arthritis developed about three years ago and was very severe,arthritis,"[0, 0, 1, 0, 0, 0, 0, 0, 0, 0, 0, 0]","[-1, -1, 0, -1, -1, -1, -1, -1, -1, -1, -1, -1]",,,,,,,,,,,,,,,,,,,,,,
The RA already makes me so tired the added side effects of MTX are next to unbearable,effects,"[0, 0, 0, 0, 0, 0, 0, 0, 0, 0, 1, 0, 0, 0, 0, 0, 0]","[-1, -1, -1, -1, -1, -1, -1, -1, -1, -1, 0, -1, -1, -1, -1, -1, -1]",,,,,,,,,,,,,,,,,,,,,,